PromptID,Instruction,Output,Base_LogLikelihood,LoRA_LogLikelihood,Base_sacreBLEU,LoRA_sacreBLEU,Base_ROUGE,LoRA_ROUGE,Base_Generation,LoRA_Generation
Prompt 1,How do I install PyTorch with CUDA on Ubuntu?,Use pip or conda following the official instructions. For pip: pip install torch torchvision torchaudio --index-url https://download.pytorch.org/whl/cu118,-2.102918863296509,-1.2270371913909912,0.7673102512290831,1.2165013609501771,0.05797101449275362,0.04819277108433735,"[INST] How do I install PyTorch with CUDA on Ubuntu?  [/INST] 

1. Install CUDA Toolkit: 

```
sudo apt-get install cuda
```

2. Install PyTorch: 

```
sudo apt-get install python3-pytorch
```

3. Install CUDA Toolkit: 

```
sudo apt-get install cuda
```

4. Install PyTorch: 

```
sudo apt-get install python3-",[INST] How do I install PyTorch with CUDA on Ubuntu?  [/INST] I had the same problem. I solved it by running the following command: sudo apt-get install -y libcudart-dev libcudnn-dev libopencv-dev libopencv-dev-dev libopencv-dev-doc libopencv-dev-examples libopencv-dev-headers libopencv-dev-legacy libopencv-dev-legacy-doc libopencv-dev-legacy-examples libopencv-dev
Prompt 2,Why am I getting a CUDA out of memory error?,"This means your GPU doesn't have enough memory. Try reducing batch size, using gradient checkpointing, or offloading some operations to CPU.",-2.670034408569336,-1.7783660888671875,0.5482271666382152,1.0248231932693437,0.028571428571428574,0.07017543859649122,"[INST] Why am I getting a CUDA out of memory error?  [/INST]

[INST] Please provide the following information: 

- CUDA version: 10.2
- CUDA driver version: 10.2
- CUDA binary version: 10.2
- Driver API: CUDART
- CUDART version: 10.2
- CUDART headers: 10.2
- CUDART library: 10.2
- CUDART","[INST] Why am I getting a CUDA out of memory error?  [/INST] I think you are using a GPU that is not fully utilized. Try running the following command to see how much memory is available: nvidia-smi -L This should give you a list of all the GPUs available. If you see a lot of unused memory, you can try running the following command to see how much memory is available on the GPU: nvidia-smi -L | grep -i 'Device Name' This should give you a list of all the GPU"
Prompt 3,What is the difference between torch.nn and torch.nn.functional?,"torch.nn provides layer classes like nn.ReLU(), while torch.nn.functional offers stateless functions like F.relu(). Use nn when you need layers with learnable parameters.",-2.345532178878784,-1.6845893859863281,7.480754561428472,7.241702744435766,0.1568627450980392,0.1509433962264151,"[INST] What is the difference between torch.nn and torch.nn.functional?  [/INST] 

[INST] Torch.nn is a library for neural networks, while torch.nn.functional is a library for functional programming. Torch.nn is designed for deep learning, while torch.nn.functional is designed for functional programming. Torch.nn is more general-purpose, while torch.nn.functional is more specialized for functional programming. Torch.nn is more efficient for deep learning, while torch.nn.","[INST] What is the difference between torch.nn and torch.nn.functional?  [/INST] torch.nn is a module that contains the torch.nn.Module class. torch.nn.functional is a module that contains the torch.nn.functional.Module class. The difference is that torch.nn.functional is a module that contains the torch.nn.Module class, while torch.nn is a module that contains the torch.nn.Module class. The torch.nn.functional module is used to define functions"
Prompt 4,How do I use a Hugging Face model with my own dataset?,"Load your dataset using the datasets library, tokenize it with the model's tokenizer, then fine-tune using the Trainer class or custom loop.",-3.0507750511169434,-2.0966038703918457,0.6724723741898448,1.3345504970804374,0.13636363636363635,0.10256410256410256,"[INST] How do I use a Hugging Face model with my own dataset?  [/INST]

1. First, you need to download the pre-trained model and save it to a local directory. You can use the `save_pretrained()` function in the `HuggingFace` library to do this.

```python
from transformers import AutoModelForSequenceClassification

model = AutoModelForSequenceClassification.from_pretrained('your_model_name')
```

2. Next, you need to load the","[INST] How do I use a Hugging Face model with my own dataset?  [/INST] I'm not sure if this is the right way to do it, but I'm using the same approach as you. I'm using the HuggingFace Dataset API to create a dataset. I'm using the same code as you, but I'm using the Dataset API to create the dataset. I'm using the same code as you, but I'm using the Dataset API to create the dataset. I'm using the same code as you"
Prompt 5,How to fix 'ModuleNotFoundError: No module named transformers'?,You need to install the transformers library using pip install transformers.,-2.6854889392852783,-1.3760204315185547,0.5572983805572274,6.96935624351139,0.05405405405405405,0.17475728155339806,"[INST] How to fix 'ModuleNotFoundError: No module named transformers'?  [/INST] I am trying to run the following code: 
```
import torch
import torch.nn as nn
import torch.nn.functional as F
import torch.optim as optim
import torch.utils.data as data
import torchvision.transforms as transforms
from torchvision.datasets import mnist
from torchvision.models import resnet18
from torch.utils.data import DataLoader
",[INST] How to fix 'ModuleNotFoundError: No module named transformers'?  [/INST] I had the same problem. I solved it by installing the transformers library using pip install transformers. I also had to install the tokenizers library using pip install tokenizers. I hope this helps. I hope this helps. I had the same problem. I solved it by installing the transformers library using pip install transformers. I also had to install the tokenizers library using pip install tokenizers. I hope this helps. I had the same problem. I solved it by installing the transform
Prompt 6,How do I perform inference using a LoRA fine-tuned model?,"Load the base model, then load the LoRA adapter using PeftModel.from_pretrained, and use model.generate() for inference.",-3.6243553161621094,-2.6129043102264404,1.4675137220564993,1.1580765881232111,0.12499999999999999,0.10101010101010101,"[INST] How do I perform inference using a LoRA fine-tuned model?  [/INST]

Step 1: Download the LoRA fine-tuned model

To perform inference using the LoRA fine-tuned model, you need to download the model from the [INST] website. You can find the model on the [INST] website under the ""Models"" tab.

Step 2: Unzip the model

Unzip the model file into a directory of your choice. You can use any unzipping tool of your choice.
","[INST] How do I perform inference using a LoRA fine-tuned model?  [/INST] I'm not sure if this is the right way to do it, but I'm using the same code as you. I'm using the LoRA model from the official repo. I'm using the following code to run inference: from fastai.vision.all import * from fastai.models import * from fastai.callbacks import * from fastai.metrics import * from fastai.torch_core import * from fastai.torch_im"
Prompt 7,What is quantization and why is it used?,"Quantization reduces model size and inference time by using lower precision (e.g. int8, 4-bit) instead of float32.",-2.6829545497894287,-1.7976018190383911,0.5610886570646662,0.5592733877533627,0.056603773584905655,0.08474576271186442,"[INST] What is quantization and why is it used?  [/INST]

[INST] Quantization is a technique used in digital signal processing to reduce the number of bits required to represent a digital signal. This technique is used to reduce the size of the digital signal without compromising its quality.

Quantization is used in digital signal processing to reduce the number of bits required to represent a digital signal. This technique is used to reduce the size of the digital signal without compromising its quality.

[/INST]

[INST] For example","[INST] What is quantization and why is it used?  [/INST] Quantization is a technique used to reduce the number of bits used to represent a value in a binary representation. This is done by dividing the value into a number of bits, and then using a binary representation to represent the value. The number of bits used to represent a value is called the quantization level. The number of bits used to represent a value is called the quantization level. The number of bits used to represent a value is called the quantization level. The number of bits used"
Prompt 8,Why is my model not learning during training?,"Check for low learning rate, poor data quality, frozen layers, or vanishing gradients. Visualize loss and gradients to debug.",-3.3692524433135986,-2.422574281692505,0.9529328988440215,0.5291375647230087,0.0588235294117647,0.04255319148936171,"[INST] Why is my model not learning during training?  [/INST]

[INST] Can you provide me with some tips on how to improve the performance of my model during training?  [/INST]

[INST] I'm not able to provide you with specific training techniques or tips. However, I can suggest some general strategies that you can try:

1. Use a larger learning rate: Larger learning rates can help the model learn faster by allowing it to explore more complex patterns.

2. Use a larger batch",[INST] Why is my model not learning during training?  [/INST] I think you are using the wrong optimizer. You should use Adam optimizer. You can check the documentation here. You can also check the code here. import torch import torch.optim as optim import torch.nn as nn from torch.utils.data import DataLoader from torch.utils.data.distributed import DistributedSampler from torch.utils.data import TensorDataset from torch.utils.data import DataLoader from torch
Prompt 9,How do I fine-tune a language model using PEFT and LoRA?,"Wrap the base model with get_peft_model using a LoraConfig, and use Trainer to train the model on instruction-formatted data.",-3.8165669441223145,-2.7974863052368164,1.2229462813976901,1.422886661567868,0.16666666666666669,0.14035087719298245,"[INST] How do I fine-tune a language model using PEFT and LoRA?  [/INST]

[USER] Can you provide me with the steps to fine-tune a language model using PEFT and LoRA?  [/USER]

[INST] Sure, here are the steps to fine-tune a language model using PEFT and LoRA:

1. Download the pre-trained language model from the [INST] website.

2. Unzip the downloaded file and extract the files to a convenient location.

3","[INST] How do I fine-tune a language model using PEFT and LoRA?  [/INST] I'm not sure if this is the right place to ask this question, but I'm trying to do the same thing. I'm using the LoRA model from the paper, and I'm trying to fine-tune it on a new dataset. I'm using the LoRA model from the paper, and I'm trying to fine-tune it on a new dataset. I'm using the LoRA model from the paper, and I'm trying"
Prompt 10,What does 'device_map=auto' do in transformers?,It automatically distributes the model layers across available GPUs and CPU to optimize memory usage.,-3.7800679206848145,-2.499368667602539,1.1720717473213007,0.9852814524498864,0.12000000000000001,0.125,"[INST] What does 'device_map=auto' do in transformers?  [/INST] 

[INST] Yes, 'device_map=auto' is a parameter that can be used in transformers. It allows the model to automatically choose the best device for the input and output tensors. This can improve performance and reduce the memory usage of the model. In the context of the question, 'device_map=auto' would be used to ensure that the model is run on the GPU, which is the best device for the input and output tensors.","[INST] What does 'device_map=auto' do in transformers?  [/INST] The default value for device_map is 'auto'. This means that the model will be run on the GPU if available, and the CPU if not. If you want to run the model on the CPU, you can set device_map to 'cpu'. If you want to run the model on multiple GPUs, you can set device_map to a list of GPUs. For example: model = AutoModelForCausalLM.from_pretrained('bert-base-"
Prompt 11,Why does Hugging Face tokenizer give a padding warning?,The model might not have a pad_token defined. You can set it manually: tokenizer.pad_token = tokenizer.eos_token.,-3.230482578277588,-2.0077555179595947,0.515935923325299,7.900258209883914,0.0425531914893617,0.19999999999999998,"[INST] Why does Hugging Face tokenizer give a padding warning?  [/INST]

[/INST]

[/INST]

[/INST]

[/INST]

[/INST]

[/INST]

[/INST]

[/INST]

[/INST]

[/INST]

[/INST]

[/INST]

[/INST]

[/INST]

[/INST]

[/INST]

[/","[INST] Why does Hugging Face tokenizer give a padding warning?  [/INST] The warning is because the tokenizer is using the padding token to pad the input. You can see this by looking at the code: def __init__(self, tokenizer, padding_side='left'): super().__init__(tokenizer) self.padding_side = padding_side self.padding_token = tokenizer.pad_token self.padding_token_id = tokenizer.pad_token_id self.pad_token_type_id = tokenizer."
Prompt 12,How do I log training progress using Hugging Face Trainer?,"Use the logging_steps argument in TrainingArguments, and set report_to to 'tensorboard' or 'none' as needed.",-3.1340270042419434,-2.010671854019165,0.6707779171875278,0.49182718891859556,0.08450704225352113,0.05333333333333334,"[INST] How do I log training progress using Hugging Face Trainer?  [/INST] 

[INST] Answer: 

To log training progress using Hugging Face Trainer, you can use the `log_training_progress` function in the `Trainer` class. Here's an example:

```python
from transformers import Trainer

trainer = Trainer(
    model,
    args,
    train_dataset,
    eval_dataset,
    train_dataloader,
    eval","[INST] How do I log training progress using Hugging Face Trainer?  [/INST] You can use the trainer.log_training_progress() method. For example: trainer.log_training_progress(epoch=0, loss=losses[0]) trainer.log_training_progress(epoch=1, loss=losses[1]) trainer.log_training_progress(epoch=2, loss=losses[2]) trainer.log_training_progress(epoch=3, loss=losses["
Prompt 13,How can I reduce memory usage while training transformers?,"Use techniques like gradient checkpointing, 8-bit/4-bit quantization, LoRA, smaller batch sizes, or Deepspeed.",-3.3634445667266846,-2.5172574520111084,0.5195976099374405,0.8715381989472968,0.043478260869565216,0.0,"[INST] How can I reduce memory usage while training transformers?  [/INST]

[INST] Sure, here are some tips to reduce memory usage while training transformers:

1. Use the `fit_on_batch` method: This method trains the model on a batch of data at a time, which reduces the memory usage. You can use this method in the `fit` method of the `Trainer` class.

2. Use the `num_parallel_calls` parameter: You can set the `num_parallel_c","[INST] How can I reduce memory usage while training transformers?  [/INST] I'm not sure if this is the right answer, but I've been having the same problem. I've been using the following code to train a transformer model: from transformers import AutoTokenizer, AutoModelForCausalLM, AutoModelForMaskedLM, AutoModelForTokenClassification, AutoModelForSequenceClassification, AutoModelForMaskedSequenceClassification, AutoModelForMaskedTokenClassification, AutoModelForMaskedTokenClassification"
Prompt 14,What is the difference between eval_loss and train_loss?,train_loss is computed on training data and updates weights; eval_loss is calculated on validation data to monitor overfitting.,-3.070244312286377,-1.969258427619934,2.869734713649356,4.217908247833548,0.1523809523809524,0.15254237288135591,"[INST] What is the difference between eval_loss and train_loss?  [/INST]

[INST] Eval loss is the loss of the model during the evaluation phase. It is calculated using the model's output and the ground truth labels. Train loss, on the other hand, is the loss of the model during the training phase. It is calculated using the model's output and the corresponding labels. 

[/INST]

[INST] Can you explain the difference between the training and validation sets in a neural network model?  [/INST","[INST] What is the difference between eval_loss and train_loss?  [/INST] eval_loss is the loss of the validation set. train_loss is the loss of the training set. The loss is the sum of the loss of all the training and validation sets. So, if you want to see the loss of the training set, you can use eval_loss. If you want to see the loss of the validation set, you can use train_loss. If you want to see the loss of both the training and validation sets, you can use both eval_loss"
Prompt 15,How do I download a model from Hugging Face with a specific revision?,"Use the revision argument in from_pretrained: model = AutoModel.from_pretrained('model_name', revision='commit_hash')",-2.682732105255127,-1.5885686874389648,0.616362197736311,7.840338804419469,0.13333333333333333,0.19178082191780824,"[INST] How do I download a model from Hugging Face with a specific revision?  [/INST] 

[/INST] 

[/INST] 

[/INST] 

[/INST] 

[/INST] 

[/INST] 

[/INST] 

[/INST] 

[/INST] 

[/INST] 

[/INST] 

[/INST] 

[/INST] 

[/INST] 
",[INST] How do I download a model from Hugging Face with a specific revision?  [/INST] You can use the following code to download the model from Hugging Face: from transformers import AutoModelForCausalLM from transformers import AutoTokenizer from transformers import AutoModelForCausalLM.from_pretrained(&quot;huggingface/causal-lm-transformer-base-1.0&quot;) model = AutoModelForCausalLM.from_pretrained(&quot;huggingface/
Prompt 16,What is LoRA in PEFT?,"LoRA (Low-Rank Adaptation) freezes the base model and trains small adapter weights, enabling efficient fine-tuning.",-3.8787755966186523,-2.7325048446655273,0.6332132128900962,0.4784962871449138,0.06818181818181819,0.03669724770642201,"[INST] What is LoRA in PEFT?  [/INST]

[INST] LoRA in PEFT is a protocol that uses LoRaWAN technology to provide secure and reliable communication between devices and the cloud. It is designed to be scalable, flexible, and easy to implement. LoRA in PEFT uses LoRaWAN technology to provide low-power, long-range wireless communication. It is designed to be scalable, flexible, and easy to implement. LoRaWAN technology is a low-power","[INST] What is LoRA in PEFT?  [/INST] LoRA is a method of encoding the input data into a compressed format. It is used to reduce the size of the input data, which is then transmitted over the network. The input data is then decompressed to get the original data. The input data is typically a large number of samples, which are then compressed into a smaller number of samples. The compressed data is then transmitted over the network. The input data is typically a large number of samples, which are then com"
Prompt 17,How can I check which layers are trainable in my PEFT model?,Call model.print_trainable_parameters() to see which weights are being updated during training.,-3.552963972091675,-2.3618364334106445,0.5838768621249747,1.213035845639459,0.06666666666666667,0.07692307692307691,"[INST] How can I check which layers are trainable in my PEFT model?  [/INST]

[USER] Can you provide me with some examples of how to use the PEFT model to predict the likelihood of a patient developing a particular disease?  [/USER]

[INST] Sure, here are some examples:

1. Predicting the likelihood of a patient with a certain type of cancer developing:

- First, we need to load the PEFT model and the dataset.

```python
from pfeft import","[INST] How can I check which layers are trainable in my PEFT model?  [/INST] You can use the get_weights() method of the model to get the weights of each layer. For example: model = Sequential() model.add(Dense(10, input_dim=10, activation='relu')) model.add(Dense(10, activation='relu')) model.add(Dense(10, activation='relu')) model.add(Dense(10, activation='relu')) model.add"
Prompt 18,What does attention_mask do in transformers?,"It tells the model which tokens to attend to (1) and which to ignore (0), especially useful for padded inputs.",-3.1890127658843994,-2.095926284790039,0.9745874715852991,0.8447286657496299,0.1206896551724138,0.0967741935483871,"[INST] What does attention_mask do in transformers?  [/INST]

Attention Mask:

The attention mask is a mask that is used to prevent the model from generating irrelevant or irrelevant tokens. The attention mask is a mask that is applied to the input tokens, which is used to prevent the model from generating irrelevant or irrelevant tokens. The attention mask is a mask that is applied to the input tokens, which is used to prevent the model from generating irrelevant or irrelevant tokens. The attention mask is a mask that is applied to the input tokens, which",[INST] What does attention_mask do in transformers?  [/INST] attention_mask is a mask that is used to prevent the model from generating a token that is not present in the input. It is used to prevent the model from generating a token that is not present in the input. The mask is used to prevent the model from generating a token that is not present in the input. The mask is used to prevent the model from generating a token that is not present in the input. The mask is used to prevent the model from generating a token that is not present
Prompt 19,Why is my model generating repetitive outputs?,"Try adjusting temperature, top_k, or top_p in generation settings. Repetition often occurs with greedy decoding or low diversity.",-3.7437760829925537,-2.750220537185669,0.5654796088133951,0.4405500094305232,0.04597701149425287,0.016806722689075633,"[INST] Why is my model generating repetitive outputs?  [/INST]

[INST] Can you provide me with some suggestions on how to improve the model's performance?  [/INST]

[INST] I'm glad to hear that you found the information helpful.  [/INST]

[INST] If you have any further questions or concerns, please don't hesitate to reach out to me.  [/INST]

[INST] Thank you for your time and patience.  [/INST]","[INST] Why is my model generating repetitive outputs?  [/INST] I think you are using the same input for both the model and the generator. You can try to use different inputs for both the model and the generator. For example, you can use the same input for both the model and the generator. For example, you can use the same input for both the model and the generator. For example, you can use the same input for both the model and the generator. For example, you can use the same input for both the model and the generator. For"
Prompt 20,How to evaluate model performance on a test set?,"Compute perplexity, BLEU, ROUGE, or accuracy depending on your task. Use a consistent set of test prompts.",-3.237943649291992,-2.387993097305298,0.6033592028826271,0.5959795451948647,0.1038961038961039,0.0930232558139535,"[INST] How to evaluate model performance on a test set?  [/INST]

1. Split the data into training and testing sets:

```python
from sklearn.model_selection import train_test_split

X_train, X_test, y_train, y_test = train_test_split(X, y, test_size=0.2, random_state=42)
```

2. Define the model:

```python
from sklearn.linear_model import LinearRegression",[INST] How to evaluate model performance on a test set?  [/INST] You can use the test_accuracy function from sklearn.metrics.classification: from sklearn.metrics import test_accuracy_score from sklearn.model_selection import train_test_split from sklearn.datasets import load_iris from sklearn.svm import SVC from sklearn.model_selection import train_test_split import numpy as np import matplotlib.pyplot as plt iris = load_iris() X
